{
  "breakpoints": {
    "keys": ["xs", "sm", "md", "lg", "xl"],
    "values": {
      "xs": 0,
      "sm": 544,
      "md": 896,
      "lg": 1280,
      "xl": 1920
    },
    "direction": "ltr"
  },
  "palette": {
    "common": {
      "black": "#000",
      "white": "#fff",
      "type": "light"
    },
    "primary": {
      "light": "#ffbddc",
      "main": "#fa0171",
      "dark": "#95025c",
      "contrastText": "#fff"
    },
    "secondary": {
      "light": "#def8d3",
      "main": "#38d611",
      "dark": "#009c00",
      "contrastText": "#fff"
    },
    "error": {
      "light": "#ffe8e7",
      "main": "#ff1101",
      "dark": "#800800",
      "contrastText": "#fff"
    },
    "grey": {
      "50": "#f7f7f7",
      "100": "#eaeaea",
      "200": "#d1d1d1",
      "300": "#bdbdbd",
      "400": "#ababab",
      "500": "#848484",
      "600": "#5e5e5e",
      "700": "#424242",
      "800": "#2b2b2b",
      "900": "#212121",
      "A100": "#d5d5d5",
      "A200": "#aaaaaa",
      "A400": "#303030",
      "A700": "#616161"
    },
    "text": {
      "primary": "rgba(0, 21, 43, 1)",
      "secondary": "rgba(0, 0, 0, 0.54)",
      "disabled": "rgba(0, 0, 0, 0.38)",
      "hint": "rgba(0, 0, 0, 0.38)"
    },
    "divider": "rgba(0, 0, 0, 0.12)",
    "background": {
      "paper": "#fff",
      "default": "#fafafa"
    },
    "action": {
      "active": "rgba(0, 0, 0, 0.54)",
      "hover": "rgba(0, 0, 0, 0.08)",
      "hoverOpacity": 0.08,
      "selected": "rgba(0, 0, 0, 0.14)",
      "disabled": "rgba(0, 0, 0, 0.26)",
      "disabledBackground": "rgba(0, 0, 0, 0.12)"
    }
  },
  "typograhpy": {
    "fontFamily": ["Alegreya Sans", "Helvetica", "Arial", "sans-serif"],
    "fontSize": 20,
    "fontWeightLight": 300,
    "fontWeightRegular": 400,
    "fontWeightMedium": 500,
    "display4": {
      "fontSize": "2.4rem",
      "fontWeight": 300,
      "fontFamily": ["Alegreya Sans", "Helvetica", "Arial", "sans-serif"],
      "letterSpacing": "-.04em",
      "lineHeight": "1.14286em",
      "marginLeft": "-.04em",
      "color": "rgba(0, 0, 0, 0.54)"
    },
    "display3": {
      "fontSize": "1.6rem",
      "fontWeight": 400,
      "fontFamily": ["Alegreya Sans", "Helvetica", "Arial", "sans-serif"],
      "letterSpacing": "-.02em",
      "lineHeight": "1.30357em",
      "marginLeft": "-.02em",
      "color": "rgba(0, 0, 0, 0.54)"
    },
    "display2": {
      "fontSize": "1.2rem",
      "fontWeight": 400,
      "fontFamily": ["Alegreya Sans", "Helvetica", "Arial", "sans-serif"],
      "lineHeight": "1.13333em",
      "marginLeft": "-.02em",
      "color": "rgba(0, 0, 0, 0.54)"
    },
    "display1": {
      "fontSize": "1.2rem",
      "fontWeight": 400,
      "fontFamily": ["Alegreya Sans", "Helvetica", "Arial", "sans-serif"],
      "lineHeight": "1.20588em",
      "color": "rgba(0, 0, 0, 0.54)"
    },
    "headline": {
      "fontSize": "1.5rem",
      "fontWeight": 400,
      "fontFamily": ["Alegreya Sans", "Helvetica", "Arial", "sans-serif"],
      "lineHeight": "1.35417em",
      "color": "rgba(0, 0, 0, 0.87)"
    },
    "title": {
      "fontSize": "1.3125rem",
      "fontWeight": 500,
      "fontFamily": ["Alegreya Sans", "Helvetica", "Arial", "sans-serif"],
      "lineHeight": "1.16667em",
      "color": "rgba(0, 0, 0, 0.87)"
    },
    "subheading": {
      "fontSize": "1rem",
      "fontWeight": 400,
      "fontFamily": ["Alegreya Sans", "Helvetica", "Arial", "sans-serif"],
      "lineHeight": "1.5em",
      "color": "rgba(0, 0, 0, 0.87)"
    },
    "body2": {
      "fontSize": "0.875rem",
      "fontWeight": 500,
      "fontFamily": ["Alegreya Sans", "Helvetica", "Arial", "sans-serif"],
      "lineHeight": "1.71429em",
      "color": "rgba(0, 0, 0, 0.87)"
    },
    "body1": {
      "fontSize": "0.875rem",
      "fontWeight": 400,
      "fontFamily": ["Alegreya Sans", "Helvetica", "Arial", "sans-serif"],
      "lineHeight": "1.46429em",
      "color": "rgba(0, 0, 0, 0.87)"
    },
    "caption": {
      "fontSize": "0.75rem",
      "fontWeight": 400,
      "fontFamily": ["Alegreya Sans", "Helvetica", "Arial", "sans-serif"],
      "lineHeight": "1.375em",
      "color": "rgba(0, 0, 0, 0.54)"
    },
    "button": {
      "fontSize": "0.875rem",
      "textTransform": "uppercase",
      "fontWeight": 500,
      "fontFamily": ["Alegreya Sans", "Helvetica", "Arial", "sans-serif"],
      "color": "rgba(0, 0, 0, 0.87)"
    },
    "h1": {
      "color": "rgba(0, 0, 0, 0.87)",
      "fontFamily": ["Alegreya Sans", "Helvetica", "Arial", "sans-serif"],
      "fontWeight": 300,
      "fontSize": "2.185rem",
      "lineHeight": 1,
      "letterSpacing": "-0.01562em"
    },
    "h2": {
      "color": "rgba(0, 0, 0, 0.87)",
      "fontFamily": ["Alegreya Sans", "Helvetica", "Arial", "sans-serif"],
      "fontWeight": 300,
      "fontSize": "1.875rem",
      "lineHeight": 1,
      "letterSpacing": "-0.00833em"
    },
    "h3": {
      "color": "rgba(0, 0, 0, 0.87)",
      "fontFamily": ["Alegreya Sans", "Helvetica", "Arial", "sans-serif"],
      "fontWeight": 400,
      "fontSize": "1.5rem",
      "lineHeight": 1.04,
      "letterSpacing": "0em"
    },
    "h4": {
      "color": "rgba(0, 0, 0, 0.87)",
      "fontFamily": ["Alegreya Sans", "Helvetica", "Arial", "sans-serif"],
      "fontWeight": 400,
      "fontSize": "1.35rem",
      "lineHeight": 1.17,
      "letterSpacing": "0.00735em"
    },
    "h5": {
      "color": "rgba(0, 0, 0, 0.87)",
      "fontFamily": ["Alegreya Sans", "Helvetica", "Arial", "sans-serif"],
      "fontWeight": 400,
      "fontSize": "1.25rem",
      "lineHeight": 1.33,
      "letterSpacing": "0em"
    },
    "h6": {
      "color": "rgba(0, 0, 0, 0.87)",
      "fontFamily": ["Alegreya Sans", "Helvetica", "Arial", "sans-serif"],
      "fontWeight": 500,
      "fontSize": "1.25rem",
      "lineHeight": 1.6,
      "letterSpacing": "0.0075em"
    },
    "subtitle1": {
      "color": "rgba(0, 0, 0, 0.87)",
      "fontFamily": ["Alegreya Sans", "Helvetica", "Arial", "sans-serif"],
      "fontWeight": 400,
      "fontSize": "1rem",
      "lineHeight": 1.75,
      "letterSpacing": "0.00938em"
    },
    "subtitle2": {
      "color": "rgba(0, 0, 0, 0.87)",
      "fontFamily": ["Alegreya Sans", "Helvetica", "Arial", "sans-serif"],
      "fontWeight": 500,
      "fontSize": "0.875rem",
      "lineHeight": 1.57,
      "letterSpacing": "0.00714em"
    },
    "body1Next": {
      "color": "rgba(0, 0, 0, 0.87)",
      "fontFamily": ["Alegreya Sans", "Helvetica", "Arial", "sans-serif"],
      "fontWeight": 400,
      "fontSize": "1rem",
      "lineHeight": 1.5,
      "letterSpacing": "0.00938em"
    },
    "body2Next": {
      "color": "rgba(0, 0, 0, 0.87)",
      "fontFamily": ["Alegreya Sans", "Helvetica", "Arial", "sans-serif"],
      "fontWeight": 400,
      "fontSize": "0.875rem",
      "lineHeight": 1.5,
      "letterSpacing": "0.01071em"
    },
    "buttonNext": {
      "color": "rgba(0, 0, 0, 0.87)",
      "fontFamily": ["Alegreya Sans", "Helvetica", "Arial", "sans-serif"],
      "fontWeight": 500,
      "fontSize": "0.875rem",
      "lineHeight": 1.5,
      "letterSpacing": "0.02857em",
      "textTransform": "uppercase"
    },
    "captionNext": {
      "color": "rgba(0, 0, 0, 0.87)",
      "fontFamily": ["Alegreya Sans", "Helvetica", "Arial", "sans-serif"],
      "fontWeight": 400,
      "fontSize": "0.75rem",
      "lineHeight": 1.66,
      "letterSpacing": "0.03333em"
    },
    "overline": {
      "color": "rgba(0, 0, 0, 0.87)",
      "fontFamily": ["Alegreya Sans", "Helvetica", "Arial", "sans-serif"],
      "fontWeight": 400,
      "fontSize": "0.75rem",
      "lineHeight": 2.66,
      "letterSpacing": "0.08333em",
      "textTransform": "uppercase"
    },
    "useNextVariants": false
  },
  "shape": {
    "borderRadius": 8
  },
  "spacing": {
    "unit": 8
  }
}
